index,tickets_9_eur,tickets_12_eur,tickets_15_eur,tickets_19_eur
19219,1.0,13.2,4.7,0.0
19220,7.5,9.8,0.0,0.0
19221,1.3,13.3,9.9,0.0
19222,1.4,17.9,9.9,0.0
19223,12.1,0.4,0.0,0.0
19224,1.4,20.0,9.8,0.0
19225,13.9,0.0,0.0,0.0
19226,1.3,22.4,10.4,0.0
19227,16.7,0.0,0.0,0.0
19228,1.1,24.4,11.0,0.0
19229,18.0,0.0,0.0,0.0
19230,1.1,25.7,11.3,0.0
19231,16.2,0.0,0.0,0.0
19232,1.0,27.9,11.5,0.0
19233,29.4,0.0,0.0,0.0
19234,7.6,2.5,4.0,0.3
19235,1.5,32.5,8.4,0.0
19236,1.0,29.6,11.0,0.0
19237,1.4,16.1,7.6,0.0
19238,21.6,0.0,0.0,0.0
19239,1.0,31.9,9.5,0.0
19240,0.9,18.2,6.6,0.0
19241,1.1,33.4,8.5,0.0
19242,1.7,31.7,6.6,0.0
19243,0.4,22.9,5.3,0.0
19244,1.5,32.6,9.2,0.0
19245,1.4,17.0,9.8,0.0
19246,0.1,29.7,1.9,0.0
19247,12.4,13.6,0.0,0.0
19248,0.8,32.1,1.2,0.0
19249,12.2,13.1,0.0,0.0
19250,12.3,10.9,0.0,0.0
19251,12.1,12.6,0.0,0.0
19252,12.4,9.6,0.0,0.0
19253,12.2,14.4,0.0,0.0
19254,12.2,16.6,0.0,0.0
19255,12.4,11.7,0.0,0.0
19256,0.5,33.2,0.0,0.0
19257,0.6,34.0,6.0,0.0
19258,11.6,22.4,0.0,0.0
19259,1.4,34.2,8.9,0.0
19260,4.8,30.7,0.0,0.0
19261,4.7,32.7,7.3,0.0
19262,7.3,28.0,0.0,0.0
19263,7.1,31.2,5.5,0.0
19264,8.3,26.2,0.0,0.0
19265,7.7,31.0,4.8,0.0
19266,6.2,28.6,0.0,0.0
19267,1.7,33.8,3.0,0.0
19268,7.4,31.7,5.6,0.0
19269,1.4,34.4,4.4,0.0
19270,1.6,33.6,3.8,0.0
19271,10.4,26.7,0.0,0.0
19272,7.0,27.3,0.0,0.0
19273,12.3,11.1,0.0,0.0
19274,12.3,10.3,0.0,0.0
19275,12.2,14.3,0.0,0.0
19276,12.4,10.6,0.0,0.0
19277,3.7,21.8,0.0,0.0
19278,1.5,34.0,3.3,0.0
19279,12.7,14.1,0.0,0.0
19280,5.9,31.5,3.7,0.0
19281,8.6,26.1,0.0,0.0
19282,7.9,30.1,3.5,0.0
19283,7.4,27.6,0.7,0.0
19284,8.1,30.1,3.1,0.0
19285,6.2,28.2,7.7,0.0
19286,6.5,31.5,4.7,0.0
19287,1.4,34.3,7.3,0.0
19288,2.7,34.1,7.7,0.0
19289,0.7,36.2,7.9,0.0
19290,0.9,35.0,8.9,0.0
19291,8.1,28.9,0.0,0.0
19292,6.7,28.4,0.0,0.0
19293,12.5,10.4,0.0,0.0
19294,12.3,10.1,0.0,0.0
19295,12.4,15.6,0.0,0.0
19296,12.4,11.1,0.0,0.0
19297,8.6,18.8,1.7,0.0
19298,1.5,25.3,19.5,0.0
19299,12.7,13.7,0.0,0.0
19300,5.1,29.5,10.6,0.0
19301,6.7,27.3,0.0,0.0
19302,6.3,29.8,10.2,0.0
19303,3.8,27.0,13.9,0.0
19304,5.7,31.2,8.7,0.0
19305,1.9,26.4,20.4,0.0
19306,1.8,34.2,4.8,0.0
19307,1.4,35.3,3.5,0.0
19308,0.9,13.9,32.5,6.2
19309,1.4,35.3,4.3,0.0
19310,0.5,16.7,31.3,3.6
19311,0.3,29.3,21.2,0.0
19312,5.7,29.8,0.0,0.0
19313,1.8,32.5,9.9,0.0
19314,5.8,29.5,0.0,0.0
19315,12.7,10.2,0.0,0.0
19316,12.3,10.0,0.0,0.0
19317,12.5,17.0,0.0,0.0
19318,12.2,12.9,0.0,0.0
19319,6.8,26.2,0.0,0.0
19320,1.6,21.8,21.5,0.0
19321,11.5,19.8,0.0,0.0
19322,1.2,27.4,19.3,0.0
19323,1.7,32.6,5.6,0.0
19324,0.8,35.6,9.7,0.0
19325,1.1,35.1,6.5,0.0
19326,0.7,36.8,6.9,0.0
19327,0.9,35.3,7.7,0.0
19328,0.7,35.4,10.8,0.0
19329,0.8,32.8,14.3,0.0
19330,0.9,25.7,24.7,0.0
19331,1.0,24.9,25.1,0.0
19332,1.4,20.2,26.8,1.8
19333,1.2,11.7,32.8,8.4
19334,1.6,10.3,31.1,7.9
19335,5.9,0.0,13.4,9.6
19336,1.2,12.0,34.3,8.2
19337,1.4,8.9,36.6,11.6
19338,1.4,12.0,30.5,6.5
19339,1.3,9.4,38.5,12.1
19340,2.2,0.4,24.0,8.2
19341,1.0,30.2,13.3,0.0
19342,1.0,12.0,36.6,9.8
19343,1.6,33.8,1.9,0.0
19344,1.5,31.0,0.0,0.0
19345,0.5,25.9,25.6,0.0
19346,3.2,30.4,0.0,0.0
19347,1.6,31.1,9.9,0.0
19348,1.4,31.9,14.9,0.0
19349,8.9,21.5,0.0,0.0
19350,3.3,31.2,0.0,0.0
19351,12.1,12.6,0.0,0.0
19352,13.2,4.7,0.0,0.0
19353,12.4,9.4,0.0,0.0
19354,12.1,21.0,0.0,0.0
19355,8.1,27.3,0.0,0.0
19356,2.6,31.2,8.6,0.0
19357,7.5,27.0,0.0,0.0
19358,6.7,29.4,2.4,0.0
19359,1.9,31.0,10.5,0.0
19360,5.3,30.2,2.2,0.0
19361,5.3,29.1,10.7,0.0
19362,2.9,29.2,14.9,0.0
19363,3.3,28.1,15.1,0.0
19364,2.0,29.5,17.1,0.0
19365,2.0,28.5,16.2,0.0
19366,1.7,30.6,15.9,0.0
19367,1.4,34.3,6.0,0.0
19368,1.6,32.9,11.0,0.0
19369,1.8,34.8,0.0,0.0
19370,1.6,33.7,5.7,0.0
19371,2.4,33.5,0.0,0.0
19372,1.7,33.0,7.6,0.0
19373,4.6,31.2,0.0,0.0
19374,1.9,30.7,14.6,0.0
19375,6.5,29.7,0.0,0.0
19376,2.6,29.1,15.7,0.0
19377,6.9,29.9,0.0,0.0
19378,3.5,27.4,15.7,0.0
19379,6.3,31.4,0.0,0.0
19380,6.7,25.1,13.2,0.0
19381,2.9,30.7,13.6,0.0
19382,12.0,21.1,0.0,0.0
19383,10.7,26.8,0.0,0.0
19384,12.3,13.1,0.0,0.0
19385,13.2,4.9,0.0,0.0
19386,12.3,9.9,0.0,0.0
19387,13.0,11.7,0.0,0.0
19388,12.8,17.2,0.0,0.0
19389,13.0,14.6,0.0,0.0
19390,12.8,16.4,0.0,0.0
19391,7.8,26.6,0.0,0.0
19392,12.6,17.4,0.0,0.0
19393,6.0,28.2,0.0,0.0
19394,12.0,19.5,0.0,0.0
19395,3.9,29.8,0.0,0.0
19396,7.5,26.5,0.0,0.0
19397,2.4,31.7,8.0,0.0
19398,4.2,31.3,0.0,0.0
19399,1.7,26.1,20.0,0.0
19400,11.1,0.0,6.6,2.3
19401,3.0,33.7,10.0,0.0
19402,1.4,23.3,24.3,1.6
19403,1.1,32.8,15.9,0.0
19404,1.5,10.4,30.3,8.5
19405,1.4,8.1,31.7,10.6
19406,0.7,0.0,23.6,8.2
19407,1.5,8.2,35.2,11.8
19408,1.4,8.4,33.2,11.0
19409,1.3,9.0,35.6,11.7
19410,0.6,17.8,29.2,4.1
19411,1.2,10.4,32.7,9.9
19412,1.2,17.6,24.1,2.2
19413,0.9,11.6,33.1,9.6
19414,1.0,14.3,30.5,7.0
19415,0.2,26.8,24.7,0.0
19416,0.7,22.6,24.9,0.8
19417,0.4,32.4,0.0,0.0
19418,1.1,28.3,0.0,0.0
19419,0.7,29.0,0.0,0.0
19420,12.1,12.8,0.0,0.0
19421,0.5,31.9,0.0,0.0
19422,0.0,31.7,0.0,0.0
19423,12.1,19.8,0.0,0.0
19424,0.0,20.9,7.3,0.0
19425,0.0,26.1,18.2,0.0
19426,1.9,32.6,0.0,0.0
19427,0.1,29.6,17.6,0.0
19428,1.5,33.9,3.2,0.0
19429,1.1,35.3,12.7,0.0
19430,1.6,31.3,2.0,0.0
19431,1.5,35.8,11.3,0.0
19432,1.5,29.1,2.3,0.0
19433,1.9,35.4,11.2,0.0
19434,1.4,29.2,3.3,0.0
19435,1.2,30.0,4.4,0.0
19436,2.9,35.1,10.9,0.0
19437,1.0,30.5,5.7,0.0
19438,0.9,31.5,5.3,0.0
19439,5.7,31.5,7.1,0.0
19440,1.6,32.0,0.0,0.0
19441,12.1,12.5,0.0,0.0
19442,12.3,10.8,0.0,0.0
19443,12.2,14.5,0.0,0.0
19444,12.4,11.7,0.0,0.0
19445,0.5,33.3,0.0,0.0
19446,0.6,34.4,6.9,0.0
19447,11.6,22.7,0.0,0.0
19448,1.4,34.3,9.4,0.0
19449,4.9,30.8,0.0,0.0
19450,4.7,32.8,7.5,0.0
19451,7.3,28.1,0.0,0.0
19452,7.2,31.2,5.4,0.0
19453,7.9,26.9,0.0,0.0
19454,7.9,30.9,4.7,0.0
19455,1.7,33.9,3.2,0.0
19456,7.5,31.6,5.5,0.0
19457,1.4,34.4,4.6,0.0
19458,1.6,33.7,3.9,0.0
19459,10.5,26.5,0.0,0.0
19460,7.1,27.2,0.0,0.0
19461,12.4,10.9,0.0,0.0
19462,12.3,10.3,0.0,0.0
19463,12.2,14.5,0.0,0.0
19464,12.4,10.6,0.0,0.0
19465,3.1,22.3,0.0,0.0
19466,1.5,34.3,4.5,0.0
19467,12.7,14.2,0.0,0.0
19468,5.7,31.7,4.3,0.0
19469,8.5,26.3,0.0,0.0
19470,7.9,30.2,3.6,0.0
19471,7.3,27.7,1.1,0.0
19472,8.2,30.1,3.1,0.0
19473,6.1,28.3,8.1,0.0
19474,6.7,31.5,4.6,0.0
19475,1.4,34.3,7.5,0.0
19476,2.9,34.1,7.6,0.0
19477,0.7,36.3,8.0,0.0
19478,0.9,35.1,9.0,0.0
19479,8.4,28.7,0.0,0.0
19480,6.7,28.5,0.0,0.0
19481,12.6,10.2,0.0,0.0
19482,12.3,10.1,0.0,0.0
19483,12.4,15.7,0.0,0.0
19484,12.4,11.1,0.0,0.0
19485,7.6,19.7,4.0,0.0
19486,1.4,25.8,20.0,0.0
19487,12.7,13.9,0.0,0.0
19488,4.8,29.7,11.2,0.0
19489,6.4,27.7,0.0,0.0
19490,6.3,29.8,10.4,0.0
19491,3.7,27.1,14.2,0.0
19492,5.8,31.1,8.7,0.0
19493,1.9,26.4,20.5,0.0
19494,1.9,34.3,5.0,0.0
19495,1.4,35.3,3.6,0.0
19496,0.9,14.0,32.4,6.2
19497,1.4,35.3,4.3,0.0
19498,0.5,16.7,31.2,3.6
19499,0.3,29.3,21.1,0.0
19500,5.7,29.8,0.0,0.0
19501,1.8,32.5,9.9,0.0
19502,5.7,29.5,0.0,0.0
19503,12.7,10.0,0.0,0.0
19504,12.3,10.0,0.0,0.0
19505,12.5,17.1,0.0,0.0
19506,12.2,13.0,0.0,0.0
19507,6.7,26.4,0.0,0.0
19508,1.5,22.1,21.9,0.0
19509,11.5,20.3,0.0,0.0
19510,1.2,27.4,19.6,0.0
19511,1.7,32.8,6.4,0.0
19512,0.8,35.6,9.9,0.0
19513,1.1,35.1,7.2,0.0
19514,0.7,36.9,7.1,0.0
19515,0.9,35.3,8.0,0.0
19516,0.7,35.4,10.9,0.0
19517,0.8,32.8,14.4,0.0
19518,0.9,25.8,24.7,0.0
19519,1.0,24.9,25.1,0.0
19520,1.4,20.4,26.8,1.8
19521,1.2,11.7,32.8,8.3
19522,6.0,0.0,13.4,9.6
19523,1.6,10.4,31.1,7.9
19524,1.4,9.0,36.5,11.5
19525,1.2,12.2,34.0,8.0
19526,1.4,12.1,30.5,6.3
19527,1.3,9.4,38.4,12.1
19528,2.2,2.5,25.0,7.9
19529,1.0,30.5,12.7,0.0
19530,1.0,12.1,36.6,9.8
19531,1.6,33.7,1.7,0.0
19532,0.5,25.9,25.5,0.0
19533,1.5,30.9,0.0,0.0
19534,3.3,30.3,0.0,0.0
19535,1.5,31.3,10.2,0.0
19536,1.4,32.0,14.7,0.0
19537,9.2,20.8,0.0,0.0
19538,3.2,31.2,0.0,0.0
19539,12.1,12.6,0.0,0.0
19540,13.2,4.7,0.0,0.0
19541,12.4,9.4,0.0,0.0
19542,12.1,21.3,0.0,0.0
19543,8.1,27.3,0.0,0.0
19544,7.5,27.1,0.0,0.0
19545,2.6,31.2,8.4,0.0
19546,6.7,29.4,2.8,0.0
19547,5.3,30.3,2.6,0.0
19548,1.9,31.0,10.2,0.0
19549,5.3,29.0,11.0,0.0
19550,2.9,29.1,15.1,0.0
19551,3.3,28.0,15.3,0.0
19552,2.0,29.5,17.3,0.0
19553,2.0,28.5,16.4,0.0
19554,1.7,30.6,16.1,0.0
19555,1.4,34.3,6.2,0.0
19556,1.6,32.9,11.1,0.0
19557,1.8,34.8,0.0,0.0
19558,1.6,33.7,5.8,0.0
19559,2.4,33.4,0.0,0.0
19560,1.7,33.1,7.4,0.0
19561,4.6,31.2,0.0,0.0
19562,1.9,30.8,14.3,0.0
19563,6.6,29.6,0.0,0.0
19564,2.6,29.2,15.4,0.0
19565,6.9,29.9,0.0,0.0
19566,3.6,27.4,15.4,0.0
19567,6.4,31.3,0.0,0.0
19568,6.9,25.2,12.9,0.0
19569,3.0,30.5,14.0,0.0
19570,12.1,20.8,0.0,0.0
19571,10.7,26.7,0.0,0.0
19572,12.3,13.1,0.0,0.0
19573,13.2,4.8,0.0,0.0
19574,12.3,9.9,0.0,0.0
19575,12.9,12.0,0.0,0.0
19576,12.7,17.5,0.0,0.0
19577,12.9,14.9,0.0,0.0
19578,12.8,16.5,0.0,0.0
19579,7.9,26.7,0.0,0.0
19580,12.6,17.5,0.0,0.0
19581,6.1,28.2,0.0,0.0
19582,12.1,19.5,0.0,0.0
19583,4.0,29.8,0.0,0.0
19584,7.6,26.5,0.0,0.0
19585,2.4,31.8,7.8,0.0
19586,4.3,31.2,0.0,0.0
19587,1.7,26.3,19.9,0.0
19588,3.0,33.7,10.0,0.0
19589,10.5,0.0,7.4,2.6
19590,1.4,23.4,24.2,1.5
19591,1.1,32.9,15.6,0.0
19592,1.5,10.4,30.3,8.5
19593,1.4,8.7,31.7,10.4
19594,1.5,8.3,35.2,11.8
19595,0.7,0.0,23.7,8.1
19596,1.4,8.8,33.1,10.9
19597,1.3,9.1,35.5,11.7
19598,1.1,10.6,32.6,9.7
19599,0.6,18.1,29.0,3.8
19600,1.2,18.0,24.2,2.1
19601,0.9,11.8,32.9,9.4
19602,1.0,14.8,30.2,6.6
19603,0.2,27.2,24.4,0.0
19604,0.7,23.0,24.8,0.6
19605,0.4,32.3,0.0,0.0
19606,1.1,28.3,0.0,0.0
19607,0.7,29.0,0.0,0.0
19608,12.1,12.8,0.0,0.0
19609,0.5,32.0,0.0,0.0
19610,0.0,31.8,0.0,0.0
19611,12.1,20.0,0.0,0.0
19612,0.0,21.3,7.8,0.0
19613,0.0,26.4,18.7,0.0
19614,1.9,32.7,0.0,0.0
19615,0.1,29.7,18.0,0.0
19616,1.5,34.2,3.3,0.0
19617,1.1,35.4,12.9,0.0
19618,1.7,31.8,2.1,0.0
19619,1.6,35.8,11.5,0.0
19620,1.5,29.4,2.1,0.0
19621,2.0,35.4,11.2,0.0
19622,1.4,29.4,3.2,0.0
19623,1.2,30.2,4.5,0.0
19624,3.0,35.0,10.9,0.0
19625,1.0,30.7,5.7,0.0
19626,0.9,31.6,5.3,0.0
19627,6.0,31.3,6.7,0.0
19628,1.6,32.0,0.0,0.0
19629,12.2,12.4,0.0,0.0
19630,12.3,10.8,0.0,0.0
19631,12.2,14.7,0.0,0.0
19632,12.4,11.8,0.0,0.0
19633,0.5,33.4,0.0,0.0
19634,0.5,34.7,7.7,0.0
19635,11.5,23.1,0.0,0.0
19636,1.4,34.4,9.8,0.0
19637,4.9,31.0,0.0,0.0
19638,4.8,32.8,7.7,0.0
19639,7.3,28.2,0.0,0.0
19640,7.4,31.1,5.3,0.0
19641,7.6,27.4,0.0,0.0
19642,8.0,30.9,4.6,0.0
19643,1.7,34.0,3.3,0.0
19644,7.6,31.6,5.4,0.0
19645,1.4,34.5,4.8,0.0
19646,1.6,33.8,4.1,0.0
19647,10.6,26.2,0.0,0.0
19648,7.1,27.1,0.0,0.0
19649,12.4,10.6,0.0,0.0
19650,12.3,10.3,0.0,0.0
19651,12.2,14.7,0.0,0.0
19652,12.4,10.6,0.0,0.0
19653,2.6,22.8,0.0,0.0
19654,1.4,34.5,5.5,0.0
19655,12.7,14.3,0.0,0.0
19656,5.5,31.9,4.9,0.0
19657,8.5,26.5,0.0,0.0
19658,8.0,30.2,3.7,0.0
19659,7.2,27.8,1.6,0.0
19660,8.2,30.1,3.0,0.0
19661,6.1,28.3,8.4,0.0
19662,6.8,31.4,4.5,0.0
19663,1.4,34.3,7.7,0.0
19664,3.0,34.0,7.6,0.0
19665,0.7,36.3,8.1,0.0
19666,0.9,35.1,9.2,0.0
19667,8.6,28.4,0.0,0.0
19668,6.7,28.4,0.0,0.0
19669,12.6,10.0,0.0,0.0
19670,12.3,10.1,0.0,0.0
19671,12.4,15.9,0.0,0.0
19672,12.4,11.0,0.0,0.0
19673,6.7,20.8,6.1,0.0
19674,1.4,26.2,20.4,0.0
19675,12.7,14.0,0.0,0.0
19676,4.5,29.9,11.7,0.0
19677,6.1,27.8,0.0,0.0
19678,6.3,29.8,10.5,0.0
19679,3.7,27.2,14.6,0.0
19680,6.0,31.1,8.6,0.0
19681,1.9,26.4,20.5,0.0
19682,1.9,34.3,5.1,0.0
19683,1.4,35.4,3.7,0.0
19684,0.9,14.1,32.4,6.1
19685,1.4,35.3,4.3,0.0
19686,0.5,16.8,31.2,3.5
19687,0.3,29.4,21.1,0.0
19688,5.8,29.7,0.0,0.0
19689,1.8,32.5,9.9,0.0
19690,5.7,29.5,0.0,0.0
19691,12.7,9.9,0.0,0.0
19692,12.3,10.0,0.0,0.0
19693,12.5,17.3,0.0,0.0
19694,12.3,13.0,0.0,0.0
19695,6.6,26.6,0.0,0.0
19696,1.5,22.2,22.1,0.0
19697,11.5,20.8,0.0,0.0
19698,1.2,27.4,19.8,0.0
19699,1.7,33.0,7.0,0.0
19700,0.7,35.7,10.1,0.0
19701,1.1,35.1,7.9,0.0
19702,0.7,36.9,7.3,0.0
19703,0.9,35.4,8.2,0.0
19704,0.7,35.4,11.0,0.0
19705,0.8,32.8,14.4,0.0
19706,0.9,25.8,24.7,0.0
19707,1.0,25.0,25.0,0.0
19708,1.4,20.6,26.8,1.7
19709,1.2,11.8,32.7,8.3
19710,6.0,0.0,13.5,9.5
19711,1.6,10.5,31.1,7.8
19712,1.2,12.4,33.7,7.7
19713,1.4,9.0,36.5,11.5
19714,1.4,12.3,30.4,6.1
19715,1.2,9.5,38.3,12.0
19716,2.2,4.6,26.1,7.5
19717,1.0,30.9,12.0,0.0
19718,1.0,12.1,36.5,9.7
19719,1.6,33.7,1.5,0.0
19720,1.5,30.9,0.0,0.0
19721,0.5,26.0,25.5,0.0
19722,3.3,30.2,0.0,0.0
19723,1.5,31.4,10.6,0.0
19724,1.4,32.1,14.6,0.0
19725,9.5,20.2,0.0,0.0
19726,3.2,31.1,0.0,0.0
19727,12.1,12.6,0.0,0.0
19728,13.2,4.6,0.0,0.0
19729,12.4,9.4,0.0,0.0
19730,12.1,21.5,0.0,0.0
19731,8.1,27.3,0.0,0.0
19732,2.6,31.2,8.1,0.0
19733,7.5,27.1,0.0,0.0
19734,6.8,29.4,3.2,0.0
19735,1.9,31.1,9.9,0.0
19736,5.3,30.4,2.9,0.0
19737,5.2,29.0,11.3,0.0
19738,2.9,29.1,15.3,0.0
19739,3.3,28.0,15.4,0.0
19740,2.0,29.5,17.4,0.0
19741,2.0,28.5,16.5,0.0
19742,1.7,30.6,16.2,0.0
19743,1.4,34.3,6.3,0.0
19744,1.6,32.9,11.2,0.0
19745,1.8,34.8,0.0,0.0
19746,1.6,33.7,5.9,0.0
19747,2.4,33.4,0.0,0.0
19748,1.7,33.1,7.2,0.0
19749,4.7,31.1,0.0,0.0
19750,1.9,31.0,14.0,0.0
19751,6.7,29.6,0.0,0.0
19752,2.7,29.2,15.1,0.0
19753,7.0,29.8,0.0,0.0
19754,3.8,27.4,15.1,0.0
19755,6.6,31.1,0.0,0.0
19756,7.1,25.2,12.4,0.0
19757,3.0,30.3,14.3,0.0
19758,12.2,20.5,0.0,0.0
19759,10.8,26.5,0.0,0.0
19760,12.3,13.1,0.0,0.0
19761,13.2,4.8,0.0,0.0
19762,12.3,9.9,0.0,0.0
19763,12.9,12.3,0.0,0.0
19764,12.7,17.8,0.0,0.0
19765,12.9,15.2,0.0,0.0
19766,12.7,16.7,0.0,0.0
19767,7.9,26.7,0.0,0.0
19768,12.6,17.6,0.0,0.0
19769,6.2,28.1,0.0,0.0
19770,12.1,19.5,0.0,0.0
19771,4.0,29.8,0.0,0.0
19772,7.6,26.4,0.0,0.0
19773,2.4,31.8,7.4,0.0
19774,4.3,31.2,0.0,0.0
19775,1.7,26.6,19.7,0.0
19776,3.0,33.8,10.0,0.0
19777,9.9,0.0,8.3,2.9
19778,1.1,33.0,15.4,0.0
19779,1.4,23.6,24.1,1.4
19780,1.5,10.4,30.2,8.5
19781,1.4,9.0,31.7,10.2
19782,0.8,0.0,23.9,8.2
19783,1.5,8.3,35.1,11.7
19784,1.4,9.1,33.0,10.7
19785,1.3,9.2,35.4,11.6
19786,1.1,10.8,32.5,9.6
19787,0.6,18.4,28.8,3.6
19788,1.2,18.4,24.3,2.0
19789,0.9,12.0,32.7,9.2
19790,1.0,15.4,30.0,6.2
19791,0.2,27.4,24.2,0.0
19792,0.6,23.3,24.6,0.4
19793,0.4,32.3,0.0,0.0
19794,1.1,28.3,0.0,0.0
19795,0.7,28.9,0.0,0.0
19796,12.1,12.8,0.0,0.0
19797,0.5,32.1,0.0,0.0
19798,0.0,32.0,0.0,0.0
19799,12.1,20.2,0.0,0.0
19800,0.0,21.6,8.3,0.0
19801,0.0,26.7,19.1,0.0
19802,2.0,32.9,0.0,0.0
19803,0.1,29.8,18.4,0.0
19804,1.6,34.4,3.4,0.0
19805,1.1,35.5,13.2,0.0
19806,1.7,32.1,2.2,0.0
19807,1.6,35.9,11.6,0.0
19808,1.5,29.7,2.0,0.0
19809,2.0,35.4,11.3,0.0
19810,1.4,29.6,3.0,0.0
19811,1.2,30.4,4.4,0.0
19812,3.1,35.0,10.9,0.0
19813,1.0,30.9,5.7,0.0
19814,0.9,31.8,5.4,0.0
19815,6.4,31.0,6.3,0.0
19816,1.6,31.9,0.0,0.0
19817,12.2,12.3,0.0,0.0
19818,12.3,10.8,0.0,0.0
19819,12.2,14.8,0.0,0.0
19820,12.4,11.8,0.0,0.0
19821,0.5,33.5,0.0,0.0
19822,0.5,34.9,8.3,0.0
19823,11.5,23.4,0.0,0.0
19824,1.4,34.5,10.2,0.0
19825,5.0,31.1,0.0,0.0
19826,4.9,32.9,7.8,0.0
19827,7.4,28.2,0.0,0.0
19828,7.6,31.1,5.2,0.0
19829,7.4,27.7,0.0,0.0
19830,8.1,30.9,4.5,0.0
19831,1.7,34.0,3.4,0.0
19832,7.7,31.5,5.3,0.0
19833,1.4,34.6,4.9,0.0
19834,1.6,33.9,4.3,0.0
19835,10.7,25.9,0.0,0.0
19836,7.2,27.0,0.0,0.0
19837,12.4,10.4,0.0,0.0
19838,12.3,10.3,0.0,0.0
19839,12.2,14.9,0.0,0.0
19840,12.4,10.6,0.0,0.0
19841,2.4,23.2,0.0,0.0
19842,1.4,34.7,6.4,0.0
19843,12.7,14.4,0.0,0.0
19844,5.3,32.1,5.6,0.0
19845,11.3,24.2,0.0,0.0
19846,7.5,30.6,4.5,0.0
19847,8.4,26.7,0.0,0.0
19848,8.0,30.2,3.7,0.0
19849,7.8,27.3,0.0,0.0
19850,8.2,30.1,3.1,0.0
19851,7.2,27.8,1.9,0.0
19852,8.3,30.1,2.9,0.0
19853,6.4,27.9,7.2,0.0
19854,8.0,30.4,3.2,0.0
19855,6.1,28.2,8.6,0.0
19856,7.0,31.4,4.4,0.0
19857,49.0,0.0,0.0,0.0
19858,4.7,29.9,8.5,0.0
19859,20.9,0.0,0.0,0.0
19860,4.3,33.3,6.4,0.0
19861,1.4,34.4,7.8,0.0
19862,36.5,0.0,0.0,0.0
19863,3.1,34.0,7.5,0.0
19864,0.7,36.3,8.2,0.0
19865,6.8,31.3,3.5,0.0
19866,0.9,35.1,9.3,0.0
19867,23.4,0.0,0.0,0.0
19868,8.9,28.0,0.0,0.0
19869,6.8,26.4,3.7,0.0
19870,6.3,30.1,0.8,0.0
19871,12.6,12.3,0.0,0.0
19872,6.7,28.4,0.0,0.0
19873,12.1,12.5,0.0,0.0
19874,13.1,5.4,0.0,0.0
19875,12.4,9.7,0.0,0.0
19876,19.0,0.0,0.0,0.0
19877,19.7,0.0,0.0,0.0
19878,5.9,28.9,12.1,0.0
19879,19.6,0.0,0.0,0.0
19880,27.8,0.0,0.0,0.0
19881,18.2,1.1,0.0,0.0
19882,28.9,0.0,0.0,0.0
19883,16.8,5.2,0.0,0.0
19884,28.7,0.0,0.0,0.0
19885,13.1,13.5,0.0,0.0
19886,27.5,0.0,0.0,0.0
19887,8.9,21.5,0.0,0.0
19888,23.6,0.0,0.0,0.0
19889,31.0,0.0,0.0,0.0
19890,2.3,29.9,0.5,0.0
19891,1.6,33.5,7.9,0.0
19892,7.8,13.1,13.5,0.0
19893,1.6,32.0,0.0,0.0
19894,0.7,26.2,17.5,0.0
19895,1.6,32.9,0.0,0.0
19896,34.6,0.0,0.0,0.0
19897,0.3,29.9,16.4,0.0
19898,2.4,31.8,2.7,0.0
19899,6.9,26.8,0.0,0.0
19900,1.2,32.0,10.8,0.0
19901,15.4,4.3,0.0,0.0
19902,6.3,29.5,0.0,0.0
19903,6.4,29.6,0.9,0.0
19904,12.4,13.7,0.0,0.0
19905,6.7,27.9,0.0,0.0
19906,12.3,12.1,0.0,0.0
19907,12.3,10.0,0.0,0.0
19908,12.2,11.8,0.0,0.0
19909,12.4,9.2,0.0,0.0
19910,12.6,17.4,0.0,0.0
19911,12.3,12.9,0.0,0.0
19912,6.5,26.8,0.0,0.0
19913,1.5,22.3,22.3,0.0
19914,11.4,21.2,0.0,0.0
19915,1.2,27.5,20.0,0.0
19916,1.6,33.0,7.6,0.0
19917,0.7,35.7,10.2,0.0
19918,1.1,35.2,8.4,0.0
19919,0.7,36.9,7.4,0.0
19920,0.9,35.4,8.4,0.0
19921,0.7,35.5,11.1,0.0
19922,0.8,32.9,14.5,0.0
19923,0.9,25.9,24.7,0.0
19924,1.0,25.0,25.0,0.0
19925,1.4,20.8,26.7,1.6
19926,1.2,11.8,32.6,8.2
19927,1.6,10.6,31.1,7.7
19928,1.4,9.0,36.4,11.4
19929,1.4,12.5,30.3,5.9
19930,1.2,9.6,38.3,11.9
19931,1.0,31.3,11.3,0.0
19932,0.9,12.2,36.5,9.7
19933,1.7,33.6,1.3,0.0
19934,0.5,26.0,25.5,0.0
19935,3.4,30.2,0.0,0.0
19936,1.4,32.2,14.4,0.0
19937,9.9,19.5,0.0,0.0
19938,3.2,31.1,0.0,0.0
19939,12.1,12.6,0.0,0.0
19940,13.2,4.6,0.0,0.0
19941,12.4,9.3,0.0,0.0
19942,12.1,21.6,0.0,0.0
19943,8.1,27.4,0.0,0.0
19944,2.6,31.2,7.9,0.0
19945,7.5,27.2,0.0,0.0
19946,6.8,29.4,3.6,0.0
19947,5.4,30.4,3.2,0.0
19948,1.9,31.2,9.5,0.0
19949,5.2,28.9,11.5,0.0
19950,2.9,29.1,15.5,0.0
19951,3.2,28.0,15.5,0.0
19952,2.0,29.6,17.5,0.0
19953,2.0,28.4,16.6,0.0
19954,1.7,30.6,16.3,0.0
19955,1.4,34.3,6.4,0.0
19956,1.6,33.0,11.3,0.0
19957,1.8,34.8,0.0,0.0
19958,1.6,33.8,5.9,0.0
19959,2.4,33.3,0.0,0.0
19960,1.7,33.2,7.0,0.0
19961,4.8,31.0,0.0,0.0
19962,1.9,31.1,13.7,0.0
19963,6.7,29.5,0.0,0.0
19964,2.8,29.3,14.9,0.0
19965,7.0,29.8,0.0,0.0
19966,3.9,27.5,14.8,0.0
19967,6.8,30.9,0.0,0.0
19968,7.4,25.2,11.9,0.0
19969,3.1,30.1,14.6,0.0
19970,12.2,20.2,0.0,0.0
19971,10.8,26.4,0.0,0.0
19972,12.3,13.1,0.0,0.0
19973,13.3,4.8,0.0,0.0
19974,12.3,9.9,0.0,0.0
19975,12.9,12.5,0.0,0.0
19976,12.7,18.1,0.0,0.0
19977,12.9,15.4,0.0,0.0
19978,12.7,16.8,0.0,0.0
19979,8.0,26.7,0.0,0.0
19980,12.6,17.6,0.0,0.0
19981,6.3,28.1,0.0,0.0
19982,12.1,19.4,0.0,0.0
19983,4.1,29.7,0.0,0.0
19984,7.7,26.3,0.0,0.0
19985,2.4,31.9,7.0,0.0
19986,4.3,31.1,0.0,0.0
19987,1.8,26.9,19.5,0.0
19988,9.3,0.0,9.1,3.3
19989,3.0,33.8,10.0,0.0
19990,1.1,29.7,18.2,0.0
19991,1.4,23.7,24.1,1.3
19992,1.5,10.4,30.2,8.5
19993,1.4,9.3,31.6,10.1
19994,0.8,0.0,24.1,8.2
19995,1.5,8.3,35.1,11.7
19996,1.3,9.4,32.9,10.5
19997,1.3,9.3,35.3,11.5
19998,1.1,10.9,32.4,9.4
19999,0.6,18.6,28.7,3.5
20000,0.9,12.2,32.6,9.0
20001,1.6,16.1,17.6,0.0
20002,0.9,16.0,29.7,5.8
20003,0.2,27.7,24.0,0.0
20004,0.6,23.6,24.5,0.2
20005,0.4,32.3,0.0,0.0
20006,1.2,28.2,0.0,0.0
20007,0.7,28.9,0.0,0.0
20008,12.1,12.8,0.0,0.0
20009,0.5,32.2,0.0,0.0
20010,0.0,32.2,0.0,0.0
20011,12.1,20.4,0.0,0.0
20012,0.0,22.0,8.8,0.0
20013,0.0,27.0,19.6,0.0
20014,2.0,33.1,0.0,0.0
20015,0.1,29.9,18.7,0.0
20016,1.6,34.6,3.5,0.0
20017,1.1,35.6,13.5,0.0
20018,1.7,32.4,2.1,0.0
20019,1.6,35.9,11.7,0.0
20020,1.5,29.9,1.8,0.0
20021,2.1,35.4,11.3,0.0
20022,1.4,29.8,2.9,0.0
20023,1.2,30.6,4.3,0.0
20024,3.2,34.9,10.8,0.0
20025,1.0,31.1,5.7,0.0
20026,0.9,31.9,5.4,0.0
20027,6.8,30.7,5.8,0.0
20028,1.7,31.9,0.0,0.0
20029,12.2,12.1,0.0,0.0
20030,12.3,10.7,0.0,0.0
20031,12.2,15.0,0.0,0.0
20032,12.4,11.8,0.0,0.0
20033,0.5,33.6,0.0,0.0
20034,0.5,35.1,8.7,0.0
20035,11.4,23.8,0.0,0.0
20036,1.4,34.6,10.6,0.0
20037,5.0,31.2,0.0,0.0
20038,5.0,32.9,7.9,0.0
20039,7.5,28.1,0.0,0.0
20040,7.8,31.0,5.1,0.0
20041,7.3,28.0,0.0,0.0
20042,8.2,30.8,4.4,0.0
20043,1.7,34.1,3.4,0.0
20044,7.9,31.5,5.2,0.0
20045,1.4,34.6,5.1,0.0
20046,1.6,33.9,4.4,0.0
20047,10.8,25.5,0.0,0.0
20048,7.3,26.8,0.0,0.0
20049,12.5,10.2,0.0,0.0
20050,12.3,10.3,0.0,0.0
20051,12.2,15.1,0.0,0.0
20052,12.4,10.6,0.0,0.0
20053,2.3,23.4,0.4,0.0
20054,1.3,34.9,7.3,0.0
20055,12.7,14.5,0.0,0.0
20056,5.1,32.3,6.2,0.0
20057,8.4,26.9,0.0,0.0
20058,8.1,30.2,3.7,0.0
20059,7.3,27.8,2.1,0.0
20060,8.4,30.1,2.8,0.0
20061,6.1,28.2,8.7,0.0
20062,7.1,31.3,4.3,0.0
20063,1.4,34.4,7.9,0.0
20064,3.3,34.0,7.4,0.0
20065,0.7,36.3,8.3,0.0
20066,0.9,35.1,9.4,0.0
20067,9.2,27.7,0.0,0.0
20068,6.8,28.4,0.0,0.0
20069,12.7,9.6,0.0,0.0
20070,12.3,10.1,0.0,0.0
20071,12.4,16.6,0.0,0.0
20072,12.4,10.9,0.0,0.0
20073,3.0,22.8,13.8,0.0
20074,1.2,27.7,21.5,0.0
20075,12.7,14.1,0.0,0.0
20076,3.4,30.9,13.7,0.0
20077,5.8,28.1,0.0,0.0
20078,6.4,29.8,10.5,0.0
20079,3.8,27.2,14.9,0.0
20080,6.4,30.9,7.9,0.0
20081,2.0,26.5,20.4,0.0
20082,2.0,34.2,4.9,0.0
20083,1.5,35.3,3.4,0.0
20084,0.9,14.3,32.1,5.9
20085,1.6,35.0,3.4,0.0
20086,0.5,17.1,30.9,3.2
20087,0.3,29.9,20.6,0.0
20088,6.1,29.2,0.0,0.0
20089,1.8,32.4,9.3,0.0
20090,5.6,29.4,0.0,0.0
20091,12.9,8.8,0.0,0.0
20092,12.3,10.0,0.0,0.0
20093,12.6,17.9,0.0,0.0
20094,12.3,12.9,0.0,0.0
20095,6.1,27.5,0.9,0.0
20096,1.4,22.7,22.9,0.0
20097,11.1,22.4,0.0,0.0
20098,1.1,27.7,20.5,0.0
20099,1.6,33.5,8.3,0.0
20100,0.7,35.9,10.6,0.0
20101,1.1,35.2,9.6,0.0
20102,0.7,36.9,7.8,0.0
20103,0.9,35.4,8.6,0.0
20104,0.7,35.4,11.5,0.0
20105,0.8,32.9,14.5,0.0
20106,1.0,26.0,24.7,0.0
20107,1.0,25.2,24.8,0.0
20108,1.4,21.6,26.5,1.3
20109,1.2,11.9,32.4,8.1
20110,5.1,0.0,14.5,9.8
20111,1.5,11.2,30.8,7.3
20112,1.4,9.3,36.1,11.2
20113,1.0,13.7,31.9,5.7
20114,1.2,14.1,29.3,4.3
20115,1.2,10.0,37.9,11.6
20116,1.1,32.5,8.0,0.0
20117,1.9,10.2,30.1,6.6
20118,0.9,12.5,36.1,9.3
20119,1.8,33.1,0.2,0.0
20120,0.5,26.4,25.0,0.0
20121,1.6,30.5,0.0,0.0
20122,1.6,31.8,11.5,0.0
20123,3.7,29.7,0.0,0.0
20124,1.4,32.5,13.2,0.0
20125,11.7,16.1,0.0,0.0
20126,3.3,30.8,0.0,0.0
20127,12.1,12.5,0.0,0.0
20128,13.3,4.5,0.0,0.0
20129,12.4,9.2,0.0,0.0
20130,12.0,22.1,0.0,0.0
20131,8.2,27.5,0.0,0.0
20132,2.6,31.1,6.9,0.0
20133,7.4,27.4,0.0,0.0
20134,6.8,29.4,5.0,0.0
20135,5.4,30.5,4.2,0.0
20136,2.0,31.2,7.9,0.0
20137,5.1,28.7,12.2,0.0
20138,2.9,29.1,16.2,0.0
20139,3.2,28.0,15.5,0.0
20140,2.1,29.7,17.6,0.0
20141,2.0,28.6,16.7,0.0
20142,1.8,30.6,16.4,0.0
20143,1.4,34.3,6.2,0.0
20144,1.6,33.1,11.3,0.0
20145,1.9,34.6,0.0,0.0
20146,1.6,33.9,5.7,0.0
20147,2.6,32.8,0.0,0.0
20148,1.7,33.2,6.3,0.0
20149,5.4,30.4,0.0,0.0
20150,2.0,31.5,12.5,0.0
20151,7.1,29.1,0.0,0.0
20152,3.1,29.4,13.8,0.0
20153,7.3,29.4,0.0,0.0
20154,4.9,27.3,13.2,0.0
20155,7.7,29.9,0.0,0.0
20156,8.4,24.7,9.5,0.0
20157,3.1,29.7,15.2,0.0
20158,12.6,18.5,0.0,0.0
20159,11.0,25.8,0.0,0.0
20160,12.3,13.1,0.0,0.0
20161,13.3,4.7,0.0,0.0
20162,12.3,9.8,0.0,0.0
20163,12.8,13.4,0.0,0.0
20164,12.5,19.3,0.0,0.0
20165,12.8,16.2,0.0,0.0
20166,12.7,17.1,0.0,0.0
20167,8.2,26.7,0.0,0.0
20168,12.5,17.7,0.0,0.0
20169,6.6,27.8,0.0,0.0
20170,12.2,19.2,0.0,0.0
20171,4.3,29.6,0.0,0.0
20172,7.9,25.9,0.0,0.0
20173,2.3,31.9,5.0,0.0
20174,4.4,30.7,0.0,0.0
20175,1.7,28.1,18.5,0.0
20176,3.0,33.8,9.9,0.0
20177,1.3,24.3,23.7,0.8
20178,1.5,10.5,30.1,8.4
20179,1.3,10.2,31.2,9.3
20180,1.5,8.6,34.8,11.5
20181,1.2,10.4,32.4,9.6
20182,1.2,9.7,34.7,11.1
20183,1.0,11.8,31.7,8.6
20184,0.8,14.6,31.1,7.0
20185,0.7,18.9,28.4,3.9
20186,0.2,28.4,23.2,0.0
20187,0.5,24.9,23.8,0.0
20188,1.2,28.1,0.0,0.0
20189,0.7,28.8,0.0,0.0
20190,12.1,12.6,0.0,0.0
20191,0.7,14.4,4.8,0.0
20192,1.5,26.2,0.0,0.0
20193,0.7,17.1,10.9,0.0
20194,0.8,21.6,11.4,0.0
20195,2.4,19.5,3.1,0.0
20196,0.8,26.1,11.8,0.0
20197,3.3,16.9,2.6,0.0
20198,0.8,28.3,11.6,0.0
20199,5.5,11.3,1.9,0.0
20200,0.9,29.8,11.0,0.0
20201,7.0,7.0,2.2,0.0
20202,0.9,30.9,10.5,0.0
20203,4.6,9.0,4.7,0.0
20204,1.0,32.1,10.3,0.0
20205,28.7,0.0,0.0,0.0
20206,1.5,33.4,8.5,0.0
20207,1.7,17.7,6.8,0.0
20208,1.0,32.9,10.5,0.0
20209,1.0,18.8,6.9,0.0
20210,19.0,0.0,0.0,0.0
20211,1.1,33.7,10.3,0.0
20212,0.7,19.4,7.0,0.0
20213,1.2,34.0,9.8,0.0
20214,1.9,32.3,7.2,0.0
20215,0.3,25.2,5.5,0.0
20216,0.9,20.0,8.9,0.0
20217,1.7,32.9,9.7,0.0
20218,0.2,31.0,2.7,0.0
20219,12.4,13.7,0.0,0.0
20220,0.5,33.0,1.1,0.0
20221,12.2,13.0,0.0,0.0
20222,12.1,12.7,0.0,0.0
20223,12.3,10.9,0.0,0.0
20224,12.3,9.8,0.0,0.0
20225,12.2,15.8,0.0,0.0
20226,9.5,19.2,0.0,0.0
20227,12.4,11.9,0.0,0.0
20228,0.3,34.4,0.0,0.0
20229,0.4,35.9,10.6,0.0
20230,11.4,24.6,0.0,0.0
20231,1.4,35.0,12.2,0.0
20232,5.6,31.3,0.0,0.0
20233,5.9,32.7,7.8,0.0
20234,7.9,27.8,0.0,0.0
20235,8.4,30.7,4.3,0.0
20236,7.3,28.3,0.0,0.0
20237,8.8,30.6,3.6,0.0
20238,5.6,29.8,0.0,0.0
20239,1.7,34.3,3.5,0.0
20240,8.6,30.9,3.9,0.0
20241,1.3,34.9,5.7,0.0
20242,1.5,34.2,4.9,0.0
20243,11.5,23.1,0.0,0.0
20244,7.9,26.0,0.0,0.0
20245,12.7,9.3,0.0,0.0
20246,12.3,10.2,0.0,0.0
20247,12.3,15.8,0.0,0.0
20248,12.4,10.5,0.0,0.0
20249,1.8,25.5,4.7,0.0
20250,1.1,35.8,9.7,0.0
20251,12.7,14.8,0.0,0.0
20252,4.7,33.0,8.1,0.0
20253,8.5,27.2,0.0,0.0
20254,8.3,30.1,3.3,0.0
20255,7.6,27.7,1.5,0.0
20256,8.7,29.9,2.3,0.0
20257,6.1,28.2,8.6,0.0
20258,7.6,31.1,3.6,0.0
20259,1.4,34.7,8.3,0.0
20260,4.0,33.6,6.1,0.0
20261,0.7,36.4,8.6,0.0
20262,0.9,35.2,9.9,0.0
20263,10.5,25.8,0.0,0.0
20264,6.9,28.3,0.0,0.0
20265,12.8,8.8,0.0,0.0
20266,12.3,10.0,0.0,0.0
20267,12.4,16.7,0.0,0.0
20268,12.4,10.9,0.0,0.0
20269,2.7,23.0,14.6,0.0
20270,1.2,27.9,21.7,0.0
20271,12.7,13.9,0.0,0.0
20272,3.3,31.1,13.9,0.0
20273,5.9,28.1,0.0,0.0
20274,6.5,29.8,10.4,0.0
20275,3.9,27.2,14.7,0.0
20276,6.5,30.9,7.8,0.0
20277,2.0,26.5,20.3,0.0
20278,2.0,34.2,4.7,0.0
20279,1.5,35.3,3.2,0.0
20280,0.9,14.4,32.0,5.8
20281,1.6,34.8,3.2,0.0
20282,0.5,17.2,30.8,3.1
20283,0.3,30.0,20.5,0.0
20284,6.1,29.1,0.0,0.0
20285,1.9,32.4,9.2,0.0
20286,5.6,29.3,0.0,0.0
20287,12.9,8.7,0.0,0.0
20288,12.3,9.9,0.0,0.0
20289,12.6,18.0,0.0,0.0
20290,12.3,12.8,0.0,0.0
20291,6.0,27.6,1.2,0.0
20292,1.4,22.8,23.1,0.0
20293,11.1,22.5,0.0,0.0
20294,1.1,27.8,20.6,0.0
20295,1.6,33.6,8.1,0.0
20296,0.7,35.9,10.6,0.0
20297,1.1,35.2,9.6,0.0
20298,0.7,36.9,7.8,0.0
20299,1.0,35.5,8.5,0.0
20300,0.7,35.4,11.5,0.0
20301,0.8,32.9,14.4,0.0
20302,1.0,26.1,24.6,0.0
20303,1.0,25.2,24.8,0.0
20304,1.4,21.9,26.3,1.2
20305,1.2,11.9,32.3,8.1
20306,4.9,0.0,14.7,9.8
20307,1.5,11.4,30.8,7.2
20308,1.4,9.3,36.1,11.1
20309,1.0,14.0,31.5,5.3
20310,1.2,14.6,29.0,3.8
20311,1.2,10.0,37.9,11.5
20312,1.1,32.6,7.5,0.0
20313,1.8,10.6,30.5,6.6
20314,0.9,12.5,36.1,9.3
20315,1.8,33.0,0.0,0.0
20316,1.6,30.5,0.0,0.0
20317,0.5,26.5,24.8,0.0
20318,1.6,31.8,11.6,0.0
20319,3.8,29.6,0.0,0.0
20320,1.4,32.5,12.9,0.0
20321,12.0,15.5,0.0,0.0
20322,3.3,30.7,0.0,0.0
20323,12.1,12.5,0.0,0.0
20324,13.3,4.5,0.0,0.0
20325,12.4,9.1,0.0,0.0
20326,12.0,22.2,0.0,0.0
20327,8.2,27.5,0.0,0.0
20328,2.6,31.1,6.8,0.0
20329,7.4,27.4,0.0,0.0
20330,6.8,29.4,5.2,0.0
20331,2.0,31.2,7.7,0.0
20332,5.3,30.6,4.2,0.0
20333,5.1,28.6,12.2,0.0
20334,2.8,29.1,16.2,0.0
20335,3.2,28.0,15.5,0.0
20336,2.1,29.7,17.6,0.0
20337,2.0,28.6,16.6,0.0
20338,1.8,30.7,16.4,0.0
20339,1.4,34.3,6.2,0.0
20340,1.6,33.1,11.3,0.0
20341,1.9,34.5,0.0,0.0
20342,1.6,33.9,5.6,0.0
20343,2.6,32.6,0.0,0.0
20344,1.7,33.3,6.1,0.0
20345,5.5,30.2,0.0,0.0
20346,2.0,31.5,12.2,0.0
20347,7.1,29.0,0.0,0.0
20348,3.1,29.5,13.4,0.0
20349,7.4,29.3,0.0,0.0
20350,5.1,27.3,12.8,0.0
20351,8.0,29.7,0.0,0.0
20352,8.7,24.4,8.7,0.0
20353,3.1,29.6,15.3,0.0
20354,12.7,18.1,0.0,0.0
20355,11.0,25.7,0.0,0.0
20356,12.3,13.0,0.0,0.0
20357,13.3,4.7,0.0,0.0
20358,12.3,9.8,0.0,0.0
20359,12.8,13.6,0.0,0.0
20360,12.5,19.5,0.0,0.0
20361,12.7,16.3,0.0,0.0
20362,12.7,17.1,0.0,0.0
20363,8.2,26.7,0.0,0.0
20364,12.5,17.8,0.0,0.0
20365,6.6,27.8,0.0,0.0
20366,12.3,19.1,0.0,0.0
20367,4.3,29.5,0.0,0.0
20368,8.0,25.7,0.0,0.0
20369,2.3,31.9,4.5,0.0
20370,4.5,30.6,0.0,0.0
20371,1.7,28.3,18.3,0.0
20372,4.0,0.7,17.0,5.5
20373,3.0,33.8,9.8,0.0
20374,1.3,24.4,23.6,0.6
20375,1.0,33.1,14.7,0.0
20376,1.5,10.5,30.1,8.3
20377,1.3,10.4,31.1,9.1
20378,1.3,1.3,25.7,8.5
20379,1.4,8.7,34.8,11.4
20380,1.2,10.6,32.2,9.5
20381,1.2,9.8,34.7,11.0
20382,0.5,19.7,28.0,2.7
20383,1.0,12.2,31.5,8.3
20384,0.8,15.2,30.8,6.7
20385,1.0,20.4,24.9,1.7
20386,0.7,19.4,28.2,3.6
20387,0.2,28.5,23.0,0.0
20388,0.4,25.1,23.7,0.0
20389,0.4,32.2,0.0,0.0
20390,1.2,28.0,0.0,0.0
20391,0.7,28.8,0.0,0.0
20392,12.1,12.6,0.0,0.0
20393,0.4,32.8,0.0,0.0
20394,0.0,33.0,0.0,0.0
20395,12.0,21.4,0.0,0.0
20396,0.0,23.9,12.1,0.0
20397,0.0,28.1,21.5,0.0
20398,9.3,26.7,0.0,0.0
20399,0.0,30.3,20.2,0.0
20400,1.8,35.7,3.8,0.0
20401,1.1,36.0,14.6,0.0
20402,1.9,33.3,1.3,0.0
20403,1.7,36.0,12.2,0.0
20404,1.6,30.7,0.4,0.0
20405,2.7,35.2,11.1,0.0
20406,1.4,30.3,1.1,0.0
20407,1.2,31.1,3.0,0.0
20408,3.8,34.6,10.4,0.0
20409,1.0,31.7,4.8,0.0
20410,0.8,32.6,5.0,0.0
20411,8.8,28.7,2.9,0.0
20412,1.8,31.6,0.0,0.0
20413,12.3,11.4,0.0,0.0
20414,12.3,10.6,0.0,0.0
20415,12.2,16.0,0.0,0.0
20416,12.4,11.9,0.0,0.0
20417,0.3,34.8,0.0,0.0
20418,0.4,36.1,11.0,0.0
20419,11.4,24.8,0.0,0.0
20420,1.3,35.0,12.6,0.0
20421,5.7,31.3,0.0,0.0
20422,6.1,32.6,7.7,0.0
20423,8.0,27.7,0.0,0.0
20424,8.5,30.7,4.1,0.0
20425,7.4,28.2,0.0,0.0
20426,8.9,30.5,3.3,0.0
20427,1.7,34.3,3.4,0.0
20428,8.8,30.7,3.4,0.0
20429,1.3,35.0,5.8,0.0
20430,1.5,34.3,5.0,0.0
20431,11.6,22.7,0.0,0.0
20432,8.0,25.9,0.0,0.0
20433,12.7,9.1,0.0,0.0
20434,12.3,10.2,0.0,0.0
20435,12.3,15.9,0.0,0.0
20436,12.4,10.5,0.0,0.0
20437,1.6,26.2,5.9,0.0
20438,1.1,36.0,10.0,0.0
20439,12.7,14.7,0.0,0.0
20440,4.6,33.2,8.3,0.0
20441,11.2,24.9,0.0,0.0
20442,7.6,30.9,5.3,0.0
20443,8.5,27.2,0.0,0.0
20444,8.3,30.1,3.3,0.0
20445,8.0,27.5,0.0,0.0
20446,8.7,29.8,2.4,0.0
20447,7.7,27.7,1.2,0.0
20448,8.8,29.8,2.2,0.0
20449,6.7,27.8,6.6,0.0
20450,8.6,30.1,2.4,0.0
20451,6.1,28.2,8.5,0.0
20452,7.8,31.0,3.3,0.0
20453,46.0,0.0,0.0,0.0
20454,4.8,29.9,9.0,0.0
20455,18.6,3.8,0.0,0.0
20456,5.7,32.6,4.8,0.0
20457,1.4,34.7,8.4,0.0
20458,31.6,0.0,0.0,0.0
20459,4.3,33.4,5.6,0.0
20460,0.7,36.5,8.7,0.0
20461,7.6,30.6,0.3,0.0
20462,0.9,35.3,9.9,0.0
20463,20.6,0.0,0.0,0.0
20464,10.7,25.4,0.0,0.0
20465,5.6,29.4,5.7,0.0
20466,6.5,30.1,0.4,0.0
20467,13.0,10.7,0.0,0.0
20468,6.9,28.2,0.0,0.0
20469,12.2,12.4,0.0,0.0
20470,13.1,5.2,0.0,0.0
20471,12.4,9.7,0.0,0.0
20472,2.4,23.3,15.4,0.0
20473,1.2,28.1,21.8,0.0
20474,12.8,13.7,0.0,0.0
20475,3.2,31.2,14.1,0.0
20476,6.1,30.2,10.5,0.0
20477,6.0,28.1,0.0,0.0
20478,6.5,29.8,10.3,0.0
20479,4.7,27.9,8.2,0.0
20480,6.7,30.2,9.1,0.0
20481,3.9,27.2,14.5,0.0
20482,6.6,30.9,7.6,0.0
20483,3.0,26.8,17.5,0.0
20484,4.7,32.4,6.1,0.0
20485,2.0,26.5,20.2,0.0
20486,2.0,34.1,4.5,0.0
20487,42.5,0.0,0.0,0.0
20488,8.0,25.5,0.0,0.0
20489,1.6,23.8,24.3,0.3
20490,1.5,35.2,3.0,0.0
20491,0.9,14.5,31.9,5.6
20492,1.6,34.7,2.9,0.0
20493,29.1,0.0,0.0,0.0
20494,0.5,17.3,30.7,3.0
20495,3.9,31.4,1.2,0.0
20496,0.3,30.1,20.3,0.0
20497,11.3,18.3,0.0,0.0
20498,5.4,29.6,3.5,0.0
20499,6.2,29.0,0.0,0.0
20500,1.9,32.3,8.9,0.0
20501,12.9,11.8,0.0,0.0
20502,5.6,29.3,0.0,0.0
20503,12.9,8.6,0.0,0.0
20504,13.0,7.0,0.0,0.0
20505,12.1,12.7,0.0,0.0
20506,12.4,9.6,0.0,0.0
20507,12.6,18.0,0.0,0.0
20508,12.3,12.8,0.0,0.0
20509,6.0,27.6,1.4,0.0
20510,1.4,22.8,23.2,0.1
20511,11.1,22.6,0.0,0.0
20512,1.1,27.8,20.7,0.0
20513,1.6,33.6,7.7,0.0
20514,0.7,36.0,10.6,0.0
20515,1.1,35.2,9.5,0.0
20516,0.7,36.9,7.9,0.0
20517,1.0,35.5,8.4,0.0
20518,0.7,35.4,11.6,0.0
20519,0.8,33.0,14.3,0.0
20520,1.0,26.1,24.6,0.0
20521,1.0,25.3,24.7,0.0
20522,1.4,22.2,26.2,1.0
20523,1.2,12.0,32.3,8.0
20524,1.5,11.6,30.7,7.0
20525,1.4,9.4,36.0,11.1
20526,1.2,15.0,28.6,3.4
20527,1.2,10.1,37.8,11.4
20528,1.1,32.7,6.9,0.0
20529,0.9,12.6,36.0,9.2
20530,1.8,32.9,0.0,0.0
20531,0.5,26.6,24.7,0.0
20532,3.8,29.5,0.0,0.0
20533,1.4,32.6,12.7,0.0
20534,12.3,15.0,0.0,0.0
20535,3.3,30.6,0.0,0.0
20536,12.2,12.5,0.0,0.0
20537,13.3,4.5,0.0,0.0
20538,12.4,9.1,0.0,0.0
20539,12.0,22.2,0.0,0.0
20540,8.2,27.5,0.0,0.0
20541,2.6,31.0,6.7,0.0
20542,7.4,27.4,0.0,0.0
20543,6.8,29.4,5.4,0.0
20544,5.3,30.6,4.3,0.0
20545,2.0,31.2,7.6,0.0
20546,5.1,28.7,12.3,0.0
20547,2.8,29.2,16.2,0.0
20548,3.2,28.0,15.5,0.0
20549,2.0,29.7,17.5,0.0
20550,2.0,28.6,16.6,0.0
20551,1.8,30.7,16.3,0.0
20552,1.4,34.3,6.1,0.0
20553,1.6,33.1,11.3,0.0
20554,1.9,34.4,0.0,0.0
20555,1.6,34.0,5.5,0.0
20556,2.7,32.5,0.0,0.0
20557,1.7,33.3,5.9,0.0
20558,5.6,30.1,0.0,0.0
20559,2.0,31.6,11.9,0.0
20560,7.2,28.9,0.0,0.0
20561,3.2,29.5,13.1,0.0
20562,7.5,29.2,0.0,0.0
20563,5.2,27.3,12.3,0.0
20564,8.2,29.4,0.0,0.0
20565,8.9,24.1,7.8,0.0
20566,3.1,29.6,15.3,0.0
20567,12.8,17.6,0.0,0.0
20568,11.0,25.5,0.0,0.0
20569,12.3,13.0,0.0,0.0
20570,13.3,4.7,0.0,0.0
20571,12.4,9.7,0.0,0.0
20572,12.8,13.8,0.0,0.0
20573,12.4,19.7,0.0,0.0
20574,12.7,16.4,0.0,0.0
20575,12.6,17.2,0.0,0.0
20576,8.3,26.6,0.0,0.0
20577,12.5,17.8,0.0,0.0
20578,6.7,27.7,0.0,0.0
20579,12.3,19.0,0.0,0.0
20580,4.4,29.4,0.0,0.0
20581,8.1,25.5,0.0,0.0
20582,2.3,31.8,4.1,0.0
20583,4.5,30.4,0.0,0.0
20584,1.7,28.6,18.1,0.0
20585,3.3,1.1,17.9,5.6
20586,2.9,33.8,9.8,0.0
20587,1.3,24.5,23.5,0.5
20588,1.0,33.2,14.6,0.0
20589,1.5,10.6,30.0,8.3
20590,1.2,10.6,31.1,9.0
20591,1.4,8.8,34.7,11.3
20592,1.4,1.8,26.1,8.6
20593,1.2,10.8,32.1,9.3
20594,1.2,9.9,34.6,10.9
20595,1.0,12.7,31.2,7.9
20596,0.5,19.8,27.9,2.6
20597,0.8,15.7,30.5,6.3
20598,1.0,20.5,25.0,1.7
20599,0.7,19.9,27.9,3.2
20600,0.2,28.6,22.9,0.0
20601,0.4,25.2,23.6,0.0
20602,0.4,32.2,0.0,0.0
20603,1.2,28.0,0.0,0.0
20604,0.7,28.8,0.0,0.0
20605,12.1,12.5,0.0,0.0
20606,0.3,32.9,0.0,0.0
20607,0.0,33.1,0.0,0.0
20608,12.0,21.6,0.0,0.0
20609,0.0,24.4,12.8,0.0
20610,0.0,28.2,21.8,0.0
20611,2.2,34.4,0.0,0.0
20612,0.0,30.3,20.5,0.0
20613,1.8,35.8,3.8,0.0
20614,1.1,36.1,14.8,0.0
20615,1.9,33.3,1.2,0.0
20616,1.7,36.0,12.2,0.0
20617,1.7,30.8,0.1,0.0
20618,2.7,35.2,11.1,0.0
20619,1.5,30.4,0.8,0.0
20620,1.2,31.1,2.6,0.0
20621,3.9,34.5,10.3,0.0
20622,1.0,31.8,4.6,0.0
20623,0.8,32.7,4.8,0.0
20624,9.1,28.3,2.4,0.0
20625,1.8,31.5,0.0,0.0
20626,12.3,11.2,0.0,0.0
20627,12.3,10.6,0.0,0.0
20628,12.2,16.2,0.0,0.0
20629,12.4,11.9,0.0,0.0
20630,0.2,35.1,0.0,0.0
20631,0.4,36.2,11.4,0.0
20632,11.4,24.9,0.0,0.0
20633,1.3,35.1,12.9,0.0
20634,5.8,31.3,0.0,0.0
20635,6.2,32.6,7.7,0.0
20636,8.1,27.6,0.0,0.0
20637,8.7,30.6,4.0,0.0
20638,7.4,28.2,0.0,0.0
20639,9.1,30.4,3.0,0.0
20640,1.7,34.3,3.3,0.0
20641,9.0,30.5,2.8,0.0
20642,1.3,35.1,5.8,0.0
20643,1.5,34.3,5.0,0.0
20644,11.7,22.3,0.0,0.0
20645,8.1,25.7,0.0,0.0
20646,12.7,8.9,0.0,0.0
20647,12.3,10.2,0.0,0.0
20648,12.3,16.0,0.0,0.0
20649,12.4,10.5,0.0,0.0
20650,1.5,27.0,7.3,0.0
20651,1.1,36.2,10.3,0.0
20652,12.7,14.6,0.0,0.0
20653,4.5,33.3,8.5,0.0
20654,8.6,27.2,0.0,0.0
20655,8.3,30.1,3.2,0.0
20656,7.7,27.6,1.0,0.0
20657,8.9,29.8,2.0,0.0
20658,6.2,28.2,8.3,0.0
20659,8.0,30.9,3.0,0.0
20660,1.4,34.7,8.5,0.0
20661,4.7,33.2,5.1,0.0
20662,0.7,36.5,8.7,0.0
20663,0.9,35.3,10.0,0.0
20664,10.8,25.0,0.0,0.0
20665,7.0,28.1,0.0,0.0
20666,12.9,8.5,0.0,0.0
20667,12.3,10.0,0.0,0.0
20668,12.4,16.8,0.0,0.0
20669,12.4,10.8,0.0,0.0
20670,2.3,23.5,16.2,0.0
20671,1.1,28.2,21.9,0.0
20672,12.8,13.5,0.0,0.0
20673,3.0,31.3,14.3,0.0
20674,6.2,28.1,0.0,0.0
20675,6.5,29.8,10.2,0.0
20676,4.0,27.2,14.3,0.0
20677,6.7,30.9,7.3,0.0
20678,2.1,26.5,20.0,0.0
20679,2.0,34.0,4.3,0.0
20680,1.5,35.1,2.7,0.0
20681,0.9,14.7,31.8,5.5
20682,1.6,34.6,2.5,0.0
20683,0.4,17.4,30.6,2.8
20684,0.3,30.2,20.2,0.0
20685,6.2,28.9,0.0,0.0
20686,1.9,32.3,8.7,0.0
20687,5.6,29.3,0.0,0.0
20688,13.0,8.4,0.0,0.0
20689,12.3,9.9,0.0,0.0
20690,12.6,18.1,0.0,0.0
20691,12.3,12.7,0.0,0.0
20692,5.9,27.7,1.6,0.0
20693,1.4,22.9,23.3,0.1
20694,11.1,22.6,0.0,0.0
20695,1.1,27.8,20.8,0.0
20696,1.6,33.6,7.2,0.0
20697,0.7,36.0,10.6,0.0
20698,1.1,35.2,9.2,0.0
20699,0.7,36.9,7.9,0.0
20700,1.0,35.5,8.3,0.0
20701,0.7,35.4,11.6,0.0
20702,0.8,33.0,14.1,0.0
20703,1.0,26.2,24.5,0.0
20704,1.0,25.3,24.6,0.0
20705,1.4,22.5,26.1,0.9
20706,1.2,12.0,32.2,7.9
20707,1.4,11.9,30.6,6.8
20708,4.5,0.0,15.3,9.8
20709,1.0,14.6,30.9,4.6
20710,1.4,9.4,35.9,11.0
20711,1.2,15.4,28.3,3.0
20712,1.2,10.3,37.7,11.3
20713,1.1,32.7,6.3,0.0
20714,1.7,11.2,31.2,6.5
20715,0.9,12.7,35.9,9.1
20716,1.8,32.8,0.0,0.0
20717,1.7,30.4,0.0,0.0
20718,0.5,26.8,24.5,0.0
20719,3.8,29.5,0.0,0.0
20720,1.6,31.9,11.8,0.0
20721,1.4,32.6,12.4,0.0
20722,12.6,14.5,0.0,0.0
20723,3.3,30.5,0.0,0.0
20724,12.2,12.4,0.0,0.0
20725,13.3,4.5,0.0,0.0
20726,12.4,9.0,0.0,0.0
20727,12.0,22.3,0.0,0.0
20728,8.1,27.5,0.0,0.0
20729,2.6,31.0,6.6,0.0
20730,7.4,27.3,0.0,0.0
20731,6.8,29.4,5.3,0.0
20732,5.3,30.6,4.3,0.0
20733,2.0,31.2,7.4,0.0
20734,5.0,28.7,12.2,0.0
20735,2.8,29.2,16.2,0.0
20736,3.2,28.1,15.5,0.0
20737,2.0,29.7,17.4,0.0
20738,2.0,28.7,16.5,0.0
20739,1.8,30.7,16.2,0.0
20740,1.4,34.3,6.0,0.0
20741,1.6,33.1,11.3,0.0
20742,1.9,34.3,0.0,0.0
20743,1.6,34.0,5.5,0.0
20744,2.7,32.4,0.0,0.0
20745,1.7,33.3,5.7,0.0
20746,5.7,29.9,0.0,0.0
20747,2.0,31.6,11.6,0.0
20748,7.3,28.8,0.0,0.0
20749,3.3,29.6,12.7,0.0
20750,7.6,29.0,0.0,0.0
20751,5.4,27.2,11.8,0.0
20752,8.5,29.2,0.0,0.0
20753,9.1,23.7,6.7,0.0
20754,3.2,29.5,15.3,0.0
20755,12.9,17.3,0.0,0.0
20756,11.1,25.4,0.0,0.0
20757,12.3,13.0,0.0,0.0
20758,13.3,4.7,0.0,0.0
20759,12.4,9.7,0.0,0.0
20760,12.8,13.9,0.0,0.0
20761,12.4,19.8,0.0,0.0
20762,12.7,16.5,0.0,0.0
20763,12.6,17.3,0.0,0.0
20764,8.3,26.6,0.0,0.0
20765,12.5,17.8,0.0,0.0
20766,6.8,27.6,0.0,0.0
20767,12.3,18.9,0.0,0.0
20768,4.5,29.3,0.0,0.0
20769,8.2,25.4,0.0,0.0
20770,2.3,31.8,3.7,0.0
20771,4.6,30.2,0.0,0.0
20772,1.7,28.8,17.8,0.0
20773,2.7,1.5,18.7,5.7
20774,2.9,33.8,9.7,0.0
20775,1.2,24.6,23.4,0.4
20776,1.0,33.2,14.5,0.0
20777,1.4,10.6,29.9,8.2
20778,1.2,10.8,31.0,8.8
20779,1.4,2.2,26.4,8.6
20780,1.4,8.9,34.6,11.2
20781,1.1,10.9,32.0,9.1
20782,1.2,9.9,34.5,10.9
20783,0.9,13.3,30.9,7.4
20784,0.5,19.9,27.8,2.5
20785,0.7,16.2,30.3,5.9
20786,1.0,20.7,25.0,1.7
20787,0.6,20.3,27.7,2.9
20788,0.1,28.7,22.8,0.0
20789,0.4,25.4,23.5,0.0
20790,0.4,32.1,0.0,0.0
20791,1.2,27.9,0.0,0.0
20792,0.7,28.8,0.0,0.0
20793,12.1,12.5,0.0,0.0
20794,0.3,33.0,0.0,0.0
20795,0.0,33.2,0.0,0.0
20796,12.0,21.7,0.0,0.0
20797,0.0,24.8,13.5,0.0
20798,0.0,28.4,22.0,0.0
20799,2.2,34.6,0.0,0.0
20800,0.0,30.4,20.7,0.0
20801,1.8,35.9,3.7,0.0
20802,1.1,36.1,15.0,0.0
20803,2.0,33.4,1.0,0.0
20804,1.7,36.0,12.3,0.0
20805,1.7,31.0,0.0,0.0
20806,2.8,35.1,11.0,0.0
20807,1.5,30.5,0.4,0.0
20808,1.3,31.1,2.3,0.0
20809,4.0,34.4,10.2,0.0
20810,1.1,31.9,4.4,0.0
20811,0.8,32.7,4.6,0.0
20812,9.3,28.0,1.9,0.0
20813,1.8,31.4,0.0,0.0
20814,12.3,11.1,0.0,0.0
20815,12.3,10.5,0.0,0.0
20816,12.2,16.3,0.0,0.0
20817,12.5,11.9,0.0,0.0
20818,0.1,35.4,0.0,0.0
20819,0.3,36.3,11.8,0.0
20820,11.4,25.0,0.0,0.0
20821,1.3,35.2,13.2,0.0
20822,5.9,31.2,0.0,0.0
20823,6.3,32.6,7.7,0.0
20824,8.1,27.5,0.0,0.0
20825,8.8,30.6,3.8,0.0
20826,7.5,28.1,0.0,0.0
20827,9.2,30.2,2.7,0.0
20828,1.7,34.3,3.1,0.0
20829,9.3,30.3,2.3,0.0
20830,1.3,35.1,5.9,0.0
20831,1.5,34.3,5.0,0.0
20832,11.8,21.9,0.0,0.0
20833,8.3,25.3,0.0,0.0
20834,12.8,8.8,0.0,0.0
20835,12.3,10.1,0.0,0.0
20836,12.3,16.1,0.0,0.0
20837,12.4,10.5,0.0,0.0
20838,1.4,27.5,8.6,0.0
20839,1.0,36.3,10.6,0.0
20840,12.7,14.4,0.0,0.0
20841,4.4,33.4,8.6,0.0
20842,8.6,27.2,0.0,0.0
20843,8.4,30.1,3.1,0.0
20844,7.8,27.6,0.6,0.0
20845,9.0,29.7,1.7,0.0
20846,6.3,28.2,8.2,0.0
20847,8.1,30.7,2.7,0.0
20848,1.4,34.8,8.5,0.0
20849,5.0,33.0,4.5,0.0
20850,0.7,36.5,8.7,0.0
20851,0.9,35.3,10.0,0.0
20852,11.0,24.6,0.0,0.0
20853,7.1,28.1,0.0,0.0
20854,12.9,8.4,0.0,0.0
20855,12.3,9.9,0.0,0.0
20856,12.4,16.9,0.0,0.0
20857,12.4,10.7,0.0,0.0
20858,2.1,23.7,16.8,0.0
20859,1.1,28.4,22.0,0.0
20860,12.8,13.4,0.0,0.0
20861,2.9,31.4,14.5,0.0
20862,6.3,28.0,0.0,0.0
20863,6.6,29.9,10.0,0.0
20864,6.9,30.2,8.7,0.0
20865,4.2,27.2,14.0,0.0
20866,6.7,30.8,7.0,0.0
20867,3.2,26.9,17.0,0.0
20868,2.1,26.5,19.9,0.0
20869,2.1,34.0,4.0,0.0
20870,1.6,24.0,24.1,0.2
20871,1.6,34.9,2.3,0.0
20872,0.9,14.8,31.6,5.3
20873,1.7,34.4,2.0,0.0
20874,0.4,17.6,30.4,2.7
20875,4.2,31.1,0.1,0.0
20876,0.3,30.3,20.0,0.0
20877,1.9,32.2,8.4,0.0
20878,13.0,11.4,0.0,0.0
20879,12.4,13.6,0.0,0.0
20880,13.0,6.8,0.0,0.0
20881,12.3,9.9,0.0,0.0
20882,12.6,18.1,0.0,0.0
20883,12.3,12.7,0.0,0.0
20884,5.9,27.8,1.8,0.0
20885,1.4,22.9,23.4,0.2
20886,11.2,22.6,0.0,0.0
20887,1.1,27.9,20.8,0.0
20888,1.6,33.6,6.7,0.0
20889,0.7,36.1,10.5,0.0
20890,1.1,35.3,8.9,0.0
20891,0.7,36.9,7.8,0.0
20892,1.0,35.5,8.1,0.0
20893,29.9,0.0,0.0,0.0
20894,0.7,35.3,11.6,0.0
20895,0.8,33.1,13.9,0.0
20896,1.0,26.3,24.4,0.0
20897,1.0,25.4,24.6,0.0
20898,1.4,27.2,16.8,0.0
20899,1.4,22.8,25.9,0.7
20900,1.2,12.1,32.1,7.8
20901,1.4,12.2,30.4,6.5
20902,4.3,0.0,15.7,9.7
20903,1.0,14.9,30.6,4.3
20904,1.4,9.6,35.9,10.9
20905,1.2,16.0,27.8,2.6
20906,1.2,10.4,37.6,11.2
20907,1.6,11.6,31.6,6.6
20908,1.1,32.8,5.7,0.0
20909,0.9,12.8,35.8,8.9
20910,1.9,32.7,0.0,0.0
20911,0.5,26.9,24.3,0.0
20912,1.7,30.4,0.0,0.0
20913,1.6,31.9,11.8,0.0
20914,3.9,29.4,0.0,0.0
20915,1.4,32.7,12.2,0.0
20916,12.7,14.1,0.0,0.0
20917,12.4,13.5,0.0,0.0
20918,13.3,4.5,0.0,0.0
20919,12.4,8.9,0.0,0.0
20920,12.0,22.4,0.0,0.0
20921,12.4,19.7,0.0,0.0
20922,8.1,27.4,0.0,0.0
20923,7.5,27.3,0.0,0.0
20924,2.5,31.0,6.4,0.0
20925,6.8,29.3,4.5,0.0
20926,2.0,31.1,6.9,0.0
20927,5.2,30.6,4.1,0.0
20928,5.0,29.0,11.6,0.0
20929,2.7,29.4,15.9,0.0
20930,3.2,28.4,15.0,0.0
20931,2.0,29.9,16.8,0.0
20932,1.9,29.2,15.5,0.0
20933,1.7,31.0,15.4,0.0
20934,1.4,33.8,3.3,0.0
20935,1.5,33.2,10.6,0.0
20936,1.9,33.3,0.0,0.0
20937,1.6,34.0,4.1,0.0
20938,1.7,33.2,4.4,0.0
20939,6.5,29.0,0.0,0.0
20940,2.1,31.5,10.2,0.0
20941,7.9,28.2,0.0,0.0
20942,3.6,29.5,10.6,0.0
20943,8.4,28.2,0.0,0.0
20944,6.8,26.3,8.1,0.0
20945,9.6,27.9,0.0,0.0
20946,10.3,21.2,0.4,0.0
20947,10.8,19.2,0.0,0.0
20948,11.3,25.4,0.0,0.0
20949,11.0,21.4,0.0,0.0
20950,13.1,15.8,0.0,0.0
20951,5.4,22.8,0.0,0.0
20952,13.3,4.7,0.0,0.0
20953,12.4,9.0,0.0,0.0
